{
  "country": "DK",
  "file": "DK_anomalies.csv",
  "metrics": {
    "pr_auc": 0.341895863313036,
    "f1_at_p0.8": 0.2,
    "best_threshold": 0.8367246230722581,
    "f1": 0.2,
    "precision": 1.0
  }
}