{
  "country": "FR",
  "file": "FR_anomalies_sarima.csv",
  "metrics": {
    "pr_auc": 0.953038628038628,
    "f1_at_p0.8": 0.9,
    "best_threshold": 0.9999411369769299,
    "f1": 0.9,
    "precision": 1.0
  }
}