{
  "country": "FR",
  "file": "FR_anomalies_sarima.csv",
  "metrics": {
    "pr_auc": 0.4422475912086378,
    "f1_at_p0.8": 0.0,
    "best_threshold": 0.5,
    "f1": 0.5517241379310345,
    "precision": 0.4444444444444444
  }
}