{
  "country": "FR",
  "file": "FR_anomalies.csv",
  "metrics": {
    "pr_auc": 0.9424171889060342,
    "f1_at_p0.8": 0.9361702127659575,
    "best_threshold": 0.40437708427462804,
    "f1": 0.9361702127659575,
    "precision": 1.0
  }
}